Dict_name,Site,Mode,HA_var,Start_date,Var_residual,Var_model_fit,Whittle_value,η_S2,τ_S2,γ_S2,η_M2,τ_M2,γ_M2,season
KIM200_P17_0,KIM200,0,72.70270458464753,2012-02-02,21.10505782775522,24.714601194239947,62.19043059524345,2.960161475799724,10.936129006300801,1.5209340292950047,4.0045512797747795,4.3101149930831255,1.9504686417014512,Feb-Apr
KIM200_P17_0,KIM200,1,2.2036196038016365,2012-02-02,10.753165349135427,7.934924070184873,-26.448157141393217,1.6517107581441879,4.486290938918314,1.9999999999999925,2.2863304729699094,3.22188645296576,2.0,Feb-Apr
KIM200_P17_0,KIM200,2,1.526886894135677,2012-02-02,3.282694850763405,3.102952524076177,-89.35105852304817,6.258693986277855e-47,3.983275110800124e-33,9.561602056637319e-16,1.7638390220545817,2.916804978433684,1.9999999999999996,Feb-Apr
KIM200_P17_1,KIM200,0,63.16412443542924,2012-04-22,26.619041389752155,12.796628306213195,8.438892709724213,4.959983646532333e-84,5.16637469645374e-49,2.6292230084655465e-11,3.5819173748303674,3.2578743617723105,1.9999999999999996,May-Jul
KIM200_P17_1,KIM200,1,10.95014322079112,2012-04-22,11.743543040190792,13.384409442487373,21.188216152116553,9.79081586282485e-08,1.0457249076354733e+24,0.05112586174245474,3.6637138050496953,3.286614516255914,1.9778935964069635,May-Jul
KIM200_P17_1,KIM200,2,1.7357841568112335,2012-04-22,2.5973846280779824,1.8608137567225005,-124.17792416187065,5.645285893067294e-13,5.987618174630729e+268,1.9995562127394144,1.3659172434535654,2.8038351757744233,2.0,May-Jul
KIM200_P18_0,KIM200,0,40.481059244334595,2012-08-11,23.40333379948607,27.37545510876303,62.71298626884949,3.5977799831457766e-07,3.4585779199040166e+289,2.232703446242036e-55,5.238984161866087,3.430200106000864,2.0,Aug-Oct
KIM200_P18_0,KIM200,1,12.727342723755717,2012-08-11,14.817733069021955,10.813492110142393,6.123081630536079,6.554146120069145e-14,59.919667832434016,0.10958052410561372,3.2927085864350123,3.005064192389805,1.9999999999999996,Aug-Oct
KIM200_P18_0,KIM200,2,2.454806160561349,2012-08-11,3.6611942217832785,2.2637485367458754,-125.20596054125143,4.1034768899775245e-19,6.534969404484773e-11,2.0,1.5065479628744527,3.1405795361998354,2.0,Aug-Oct
KIM200_P18_1,KIM200,0,67.27989320825084,2012-10-30,42.68808352640574,45.31353923309283,106.80646590750683,2.3422470524384943e-06,3.5903871779227115e-21,0.00020243175698005976,6.740598434838453,3.4360587616534137,1.9917049162439395,Nov-Jan
KIM200_P18_1,KIM200,1,4.223764591808865,2012-10-30,14.57254954138632,8.467357513416728,-8.813838054850574,7.37079099309558e-47,7.487228410474126e-70,2.641006867787093e-06,2.9137037049266,2.9123865272638776,1.9999999999999996,Nov-Jan
KIM200_P18_1,KIM200,2,4.198271024714403,2012-10-30,2.9839130727052607,2.172698939054899,-120.19247036066922,3.539052241029566e-66,3.5331964603238005e-98,4.996590909292501e-09,1.47594639907289,2.962820236325377,2.0,Nov-Jan
KIM200_P19_0,KIM200,0,85.63358481756084,2013-01-27,27.304191563825782,26.57531807278334,69.14575285843915,3.4754922899313434,9.040514077285513e-309,0.0021771816503894257,5.143000344034408,3.5670887880774242,1.9997447652171838,Feb-Apr
KIM200_P19_0,KIM200,1,5.249044784545249,2013-01-27,21.57360656889239,15.762740984655034,63.60537144600072,3.9753630501477164,2.5654193606834252,2.0,8.699342300895144e-11,20837.61175216601,0.037084183712658654,Feb-Apr
KIM200_P19_0,KIM200,2,2.754559229440595,2013-01-27,3.122282540057457,2.9512256073331544,-98.04862392153618,1.1147469700700855e-39,1.4376390526115237e+48,2.0597574054286014e-15,1.7201703186457031,3.0110000881648427,1.9999999999999991,Feb-Apr
KIM200_P19_1,KIM200,0,68.04721898394139,2013-04-17,13.339548499565085,14.204592128482865,89.3573548717851,2.1196774197379966,0.0001392196113485907,0.26340810556866906,3.771305084608127,2.9618672248189934,1.8441364031297474,May-Jul
KIM200_P19_1,KIM200,1,8.41944043182423,2013-04-17,19.308015282245254,9.46882155319357,-5.000162745440116,2.3351575969623266e-07,3.204440330141405e+16,1.7880626573754546e-25,3.0811877293339305,3.0154673133583865,2.0,May-Jul
KIM200_P19_1,KIM200,2,0.5244499026553189,2013-04-17,7.1542182143622,3.993709886943449,-78.11527904009685,1.780138604233917e-11,1.340736142131517e+75,4.611093256954583e-21,2.001048006215468,3.102815839787402,1.9999999999999991,May-Jul
KIM200_P20_0,KIM200,0,84.42682059151554,2013-07-25,15.889747631025863,17.227738704649926,47.73269231376476,2.871661390269717e-07,0.003611642973878726,0.09454487277464886,4.1569977160841605,3.2955085684835237,1.961085374213715,Aug-Oct
KIM200_P20_0,KIM200,1,11.030859147039784,2013-07-25,10.488351580404856,12.314109210172846,26.287794227352336,0.0002796418411496694,0.008952357532143549,1.9177292670642494,3.513990379377762,2.9010194393512494,1.9912751105720208,Aug-Oct
KIM200_P20_0,KIM200,2,0.7819153225058587,2013-07-25,4.433874865863149,2.569520216880026,-104.4978300805088,1.0890398489750247e-69,1.738428411605898e-72,5.163590768745838e-08,1.605082599615331,2.9178917667945954,2.0,Aug-Oct
KIM200_P20_1,KIM200,0,53.88760409349874,2013-10-13,25.075673237811685,22.566326969078368,37.7020007241381,0.0,inf,1.9949958759826838,4.757037568719162,4.134955382119997,1.9717261760142664,Nov-Jan
KIM200_P20_1,KIM200,1,4.57376921665735,2013-10-13,19.96254560849251,9.794708727175768,-3.478716747231058,1.8486858180491988e-12,460.2730018696913,1.9999999999996074,3.1337595977455655,3.0404545779583736,1.9999999999999996,Nov-Jan
KIM200_P20_1,KIM200,2,2.564235379182335,2013-10-13,3.3465727473535685,4.008195262682325,-92.76578691148877,0.0,5.56269144793001e-309,1.9919159730104772,2.0046849799274438,3.5210112966082217,1.9971089103403439,Nov-Jan
KIM200_P21_0,KIM200,0,60.75591889026914,2014-02-01,44.43127876619602,40.539969684257485,92.09237612326771,5.703891084233867e-13,5.79356734432348e-33,1.6622302926895813e-09,6.3754040177385605,3.48777164796116,1.9999999999999996,Feb-Apr
KIM200_P21_0,KIM200,1,5.759339766431146,2014-02-01,18.750564671132445,11.203420276388044,13.006323878500837,1.040507761959996e-10,1.2626376220186636e+36,0.006009746171608267,3.3515569857283327,2.9236498104026776,1.9999999999999996,Feb-Apr
KIM200_P21_0,KIM200,2,3.063316167738957,2014-02-01,6.400533481987154,3.4406521539757295,-83.65036756765585,1.2293112330878085e-16,inf,1.7898009412502706e-22,1.8573388255284056,2.9675121648641416,2.0,Feb-Apr
KIM200_P21_1,KIM200,0,88.52849195456353,2014-04-22,13.748231773449731,13.714307844065681,90.97429150889218,3.8619288587785623,6.4710257682890405e-06,0.16984207561680448,3.685906796715993,3.192838178019189,1.8605641689636914,May-Jul
KIM200_P21_1,KIM200,1,7.190828090170955,2014-04-22,13.14925585236886,8.110142718322635,-15.073126169508734,1.6308434703666056e-39,5.562769652643846e-309,0.05737999469589156,2.851580720970324,2.9704259087949203,1.9997613528574862,May-Jul
KIM200_P21_1,KIM200,2,2.873508385867846,2014-04-22,4.541481992350712,3.386454421463415,-92.5526288437947,0.5032770853640359,4.2745204530570575,2.0,1.772575398464479,3.157951779453939,1.9999999999999996,May-Jul
NWSBAR_P27_0,NWSBAR,0,5.470131273785713,2019-08-06,17.955673330070347,9.952194368638363,-10.584627209468154,1.6845528899198668e-08,2323012235.4744077,2.0,3.15883867064951,3.231156061342717,1.9999999999999987,Aug-Oct
NWSBAR_P27_0,NWSBAR,1,3.1745314747030573,2019-08-06,9.16254704937532,6.412067233960041,-24.84855114622302,1.4106287639422128,3.722150227107129,2.0,2.106875578953833,2.816468714625592,2.0,Aug-Oct
NWSBAR_P27_0,NWSBAR,2,6.164536376254129,2019-08-06,48.0948278992571,24.48951811452488,74.60590811094713,2.5537506073146216e-07,2.7562162685484477e+163,0.12029266629308712,4.955199874784989,2.9425581556608846,2.0,Aug-Oct
NWSBAR_P27_1,NWSBAR,0,2.713775470952876,2019-10-25,17.57236969935034,15.530523225260861,16.078689416746133,3.0600219793612933e-37,1.9206837390707935e-78,2.015496736136792e-11,3.9460192083019234,3.4664198549893417,1.9999999999999996,Nov-Jan
NWSBAR_P27_1,NWSBAR,1,0.15190928923933036,2019-10-25,2.844249908833709,3.2063889778260837,-92.7449940794155,8.637675243561672e-13,765207.9838257526,1.3309801840073268e-09,1.792990688061501,3.0389775853891603,1.9999999999999964,Nov-Jan
NWSBAR_P27_1,NWSBAR,2,0.13631445165712386,2019-10-25,1.7385528563730137,1.1092822230690267,-174.30042831863489,7.13193034797557e-08,5.502181802708219e-53,2.675364171934025e-19,1.0546096889602445,2.969412993408877,2.0,Nov-Jan
NWSBAR_P28_0,NWSBAR,0,5.29189659401691,2020-02-18,16.796996060201387,7.592215251972992,-28.913305442931055,4.394828742200237e-13,0.8420646018650366,0.00491295246639096,2.759008330512483,3.1524082521798458,1.9999999999999996,Feb-Apr
NWSBAR_P28_0,NWSBAR,1,1.558899678881104,2020-02-18,2.540025541917408,1.496880863371401,-144.4410404823433,1.3682579122728655e-40,4.419893311650114e+37,1.2200716396169792e-12,1.2250838413401208,2.8556168569711056,1.9999999999999996,Feb-Apr
NWSBAR_P28_0,NWSBAR,2,0.11324260062431109,2020-02-18,1.3794950702077482,1.0444879688948976,-148.8381753371035,1.0233255134935964,2.498998156071788,2.0,5.907330249242536e-74,7.072347469996315e-85,0.0009618788035713258,Feb-Apr
NWSBAR_P28_1,NWSBAR,0,22181156791.70527,2020-05-08,305350330232.2698,228686478843.97083,1925.9464180237844,0.0,inf,7.100499578002327e-55,478845.26332137967,2.6793078179729224,1.9999999999999991,May-Jul
NWSBAR_P28_1,NWSBAR,1,136969602.26804173,2020-05-08,1857253178.8694775,1398670973.9056096,1518.1728655273837,2.592302484303662e-189,5.562684669446377e-309,3.549804889037319e-13,37448.35329343555,2.6797463517704556,1.999999993557907,May-Jul
NWSBAR_P28_1,NWSBAR,2,73506162635.99783,2020-05-08,1017610091446.1365,762264382917.8683,2056.0155365746323,49542.62598580514,5.56268482720399e-309,0.6772783600426571,875051.7821042446,2.709122546000952,1.9026853693137045,May-Jul
NWSBAR_P29_1,NWSBAR,0,18.597007276265153,2020-12-26,16.481817724123886,15.454540581354312,8.138099251421423,2.6125395223714554e-07,6.194567407221284e+60,3.3345018019544744e-49,3.936341177298012,3.6973909749510394,2.0,Nov-Jan
NWSBAR_P29_1,NWSBAR,1,1.3803850606330768,2020-12-26,2.539758073826472,1.9664416795107011,-127.29124361377094,6.546524772751948e-08,2.95450897990314e+116,6.998924368580945e-36,1.4041437120011115,2.94524358998244,2.0,Nov-Jan
NWSBAR_P29_1,NWSBAR,2,0.19049662189890207,2020-12-26,1.837153723017435,2.1271076560966042,-79.50821724686183,0.0,0.011509899691251595,1.024561076766324,1.4612801355549638,2.6684267784424507,1.9363617208376607,Nov-Jan
NWSBAR_P30_0,NWSBAR,0,55.73676450889191,2021-05-11,20.864194307157465,20.30210807599094,95.58305889922224,2.200353605649364,6.3675706485538965,1.6400803731569367,3.943686394728754,3.0386065231376973,1.884828823698811,May-Jul
NWSBAR_P30_0,NWSBAR,1,12.186634170357193,2021-05-11,22.910082523190287,20.773844004837258,61.699165427285344,3.161923274414442e-33,2.857577499682789e+49,0.6044032257794697,4.563830993679637,2.9374772612375515,1.9999999999999996,May-Jul
NWSBAR_P30_0,NWSBAR,2,141.61304653368222,2021-05-11,65.28624848380878,65.81265817969118,196.337105483122,5.634704884953891e-06,6.845988253307304e-11,0.026944834476400677,8.133668541770119,3.127498463020433,1.8389629088761923,May-Jul
NWSBAR_P31_0,NWSBAR,0,31.45839645025481,2021-11-19,21.76020099779188,17.859964523385212,16.266047469026184,2.3883387094878653e-29,3.2183092886864725e-08,2.0,4.231597408790869,3.8147469628053385,1.9999999999999982,Nov-Jan
NWSBAR_P31_0,NWSBAR,1,0.3226803662979058,2021-11-19,2.662309786260468,1.7624187629412773,-141.07160218552275,4.290927244872165e-17,5.554159005396539e-246,9.331306988137068e-13,1.3293042067830476,3.0485709003815757,1.9999999999999996,Nov-Jan
NWSBAR_P31_0,NWSBAR,2,0.32184821662133034,2021-11-19,2.2713468460202484,1.511430464496615,-143.00372740149047,3.6115744464631743e-12,1.0704822612519921e+112,7.034960300920818e-21,1.2310238002756158,2.8433867828059656,1.9999999999999996,Nov-Jan
NWSBAR_P31_1,NWSBAR,0,25.820916445463173,2022-02-07,33.754802540017856,48.40976064196534,117.51758908043183,3.7434883796632885,2.7577475627942696,1.9999999999999956,5.881651227715548,inf,2.734380155981909e-06,Feb-Apr
NWSBAR_P31_1,NWSBAR,1,1.279747064249232,2022-02-07,3.517801607180758,3.860212749349062,-86.79964175006113,2.750699619002864e-30,1.8286160089234993e-12,3.4358576811259477e-18,1.9673133732714523,3.2421360450493886,1.999999999999996,Feb-Apr
NWSBAR_P31_1,NWSBAR,2,0.7640471802366354,2022-02-07,1.9210753578308273,1.2328441934294714,-166.1991585541885,0.4809072109598164,4.254596902621646,1.9999999999999938,1.0023931274960027,2.9931100467110254,2.0,Feb-Apr
NWSBAR_P32_1,NWSBAR,0,34.569609609228436,2022-07-29,33.49997462614657,39.053664058081544,103.98806295644475,1.1180981365804745,6.739593681276631,1.8370560283572273,6.157443559980277,3.339526857640752,1.9809077671876574,Aug-Oct
NWSBAR_P32_1,NWSBAR,1,6.350725788938237,2022-07-29,34.83259349956137,18.26186253879765,46.85920218871936,2.616928607566546e-07,8407236549177.033,1.9999999924114031,4.279002758626203,3.0298585896205426,2.0,Aug-Oct
NWSBAR_P32_1,NWSBAR,2,50.65687312680771,2022-07-29,75.48146648104354,65.38947490768545,142.04511397764395,8.949502985302775e-23,7.70617858511084e-68,1.6337733886546503e-17,8.096967399816453,3.1827000340743683,1.9999999999999991,Aug-Oct
NWSBAR_P33_0,NWSBAR,0,11.670840300411164,2022-10-24,14.360881539831608,16.806544056490353,49.70887567000828,0.009258367163856068,367843601.95312345,0.02001278048865554,4.105872069334314,3.1800633939873872,1.9637074242193453,Nov-Jan
NWSBAR_P33_0,NWSBAR,1,2.991028093330503,2022-10-24,4.978194259403874,3.8434583533113797,-66.88524690049269,0.0,inf,1.2723393586671907,1.9630611595347631,2.8169971403304856,1.9999999999999996,Nov-Jan
NWSBAR_P33_0,NWSBAR,2,10.214814369389638,2022-10-24,27.62015756732363,22.01446632316168,61.08266990002595,1.8125444806827226e-07,3.7555602143154714e-20,5.840046511172222e-36,4.698118232018538,3.045295732905949,2.0,Nov-Jan
NWSBAR_P33_1,NWSBAR,0,13.602688348360806,2023-01-12,13.113197479583658,11.069728224206807,-1.1792201389980526,1.0615237357472216e-26,2.5772424560315523e-17,2.0,3.331476049665203,3.2096099298275056,1.9999999999999991,Feb-Apr
NWSBAR_P33_1,NWSBAR,1,1.8494777997923504,2023-01-12,3.5025536943890394,2.7729654568109527,-59.78724051212333,1.667390026947977,2.3575546090801986,2.0,2.181333507647836e-11,5.24158470409044e+53,1.7613555097243356e-12,Feb-Apr
NWSBAR_P33_1,NWSBAR,2,0.5924441268109034,2023-01-12,1.6549238110068991,1.478018943575457,-145.45602874376968,0.6277958731449101,3.660757627464776,2.0,1.042951744964942,2.9143104812447764,1.9999999999999991,Feb-Apr
NWSBAR_P34_1,NWSBAR,0,6.355902021410394,2023-08-01,21.208995178957192,9.46417665948128,-14.69824915064768,9.259780574835183e-27,inf,1.4384620027121652e-16,3.0804163558694784,3.2333798452607376,2.0,Aug-Oct
NWSBAR_P34_1,NWSBAR,1,3.0569047498099566,2023-08-01,7.10305111972775,6.522475745886824,-23.428395731557586,0.0,inf,1.999996837225037,2.557285865739247,2.7965559073840596,1.9999999999999996,Aug-Oct
NWSBAR_P34_1,NWSBAR,2,3.3518405183838524,2023-08-01,39.32226904082113,41.78382171752302,121.8090065487832,1.5252281507253718e-06,2.780501135260029e-07,1.1181916670300265,6.473242974504135,3.015761571829289,1.9837449271426169,Aug-Oct
NWSBAR_P35_0,NWSBAR,0,7.383905941492297,2023-12-02,10.818583779654091,8.016569363134938,-35.67141351040917,0.7685315668700492,5.514390494332536,1.9999999999999685,2.7288834160844795,3.4533439904022885,2.0,Nov-Jan
NWSBAR_P35_0,NWSBAR,1,0.13224754313599138,2023-12-02,2.8977212192385116,1.9510759320012296,-121.13696995803625,5.084755456159965e-22,4.041898609316106e+133,3.8651924673008157e-10,1.3986524909500517,2.817219931592969,1.9999999999999996,Nov-Jan
NWSBAR_P35_0,NWSBAR,2,0.44118645026703696,2023-12-02,1.338520509808553,1.3995796008038097,-156.08835692812465,1.352537629954559e-25,1.6055517512424353e+64,1.9999999993712225,1.1845937570091183,2.977199611802144,1.9999999999999987,Nov-Jan
NWSBAR_P35_1,NWSBAR,0,8.563670824879981,2024-02-20,20.56680267524413,12.19780193268583,-2.3939924716655696,6.787044201935507e-11,6.662117952282478e-07,0.792769856238087,3.4970924343070093,3.4423654639033225,1.9999999999999996,Feb-Apr
NWSBAR_P35_1,NWSBAR,1,1.5530329984726179,2024-02-20,4.372327235969697,2.4632187978473232,-114.4267741034463,1.047071916453296e-17,4.458621314888924e-15,8.810789155386009e-16,1.5715249783558707,3.0515204766247916,1.9999999999999991,Feb-Apr
NWSBAR_P35_1,NWSBAR,2,0.9415496739221485,2024-02-20,5.4047262714148365,3.317715684921202,-88.80854421156026,1.0692624776008862e-16,2.621913280105563e-26,6.492899807038184e-14,1.823852857303545,3.0135920536409095,1.9999999999999991,Feb-Apr
NWSBAR_P36_1,NWSBAR,0,11.821035478843012,2024-08-13,18.714698522986193,11.867916880385849,2.2557259000992302,1.604816254645419,5.172129275888903,1.9999999999999618,3.0534069137997744,3.273238810939454,2.0,Aug-Oct
NWSBAR_P36_1,NWSBAR,1,0.9599695652206848,2024-08-13,6.917466039353615,3.605958626961471,-75.59524219356015,3.148980659131401e-44,1.9691781845663847e-52,1.5575154729632302e-19,1.9014380696957571,2.883518884664222,2.0,Aug-Oct
NWSBAR_P36_1,NWSBAR,2,1.6786365355658763,2024-08-13,12.669806744331396,8.43255267337082,-7.158726467362255,3.5553950201258506e-29,5.852147463437955e+53,1.9976167831084988,2.9077125209743833,2.8745515416206886,1.9999999999999996,Aug-Oct
NWSBRW_P37_0,NWSBRW,0,316.07611990534014,2019-07-31,86.44501780683056,140.94350498066484,170.94930182718736,5.262359380710887,4.827767796745711,1.9999999999999982,10.670202979010433,8.730979638554127e+53,0.28146969198297445,Aug-Oct
NWSBRW_P37_0,NWSBRW,1,4.995255867304748,2019-07-31,12.982315707107318,8.31954321133799,-10.802290570688399,1.6017696435500363e-27,1.8194769766269335e-41,1.1405130922644525e-05,2.888158577353426,2.9236434481200164,1.9999999999999996,Aug-Oct
NWSBRW_P37_0,NWSBRW,2,8.367185609506487,2019-07-31,5.299071984481475,4.2385054259192145,-29.0101193999204,1.9891992178637565,2.440366010682419,2.0,0.8874574442200927,4.7442155973152585e+31,2.1351839171303076e-07,Aug-Oct
NWSBRW_P37_1,NWSBRW,0,409.03966384370983,2019-10-19,68.6586559375208,62.231067930230864,177.0060589584087,2.7357433689601183e-06,2.6336526933400488e-05,0.5286361347180146,7.917997861343124,5.516442470259808,1.5453473424530753,Nov-Jan
NWSBRW_P37_1,NWSBRW,1,26.75598680578919,2019-10-19,14.886577469653522,17.232513912685427,90.9925295280485,3.6351834818951776,1.9120454518565483e-57,0.025817530656509408,4.146393045740043,2.71932237010537,1.9781286043828294,Nov-Jan
NWSBRW_P37_1,NWSBRW,2,66.14473908237602,2019-10-19,10.232726677907944,9.854454737358184,60.12486429294094,9.503559357429024e-08,35.33029893263858,2.0,3.1544251863570403,3.8698548418281686,1.5893533354059368,Nov-Jan
NWSBRW_P38_0,NWSBRW,0,389.84743762342293,2020-02-11,106.56262425830569,96.38315373025495,173.47039635514548,4.70309668753164,6.526119059226911,1.5313892481995142,8.636875911001201,4.2529936665537,2.0,Feb-Apr
NWSBRW_P38_0,NWSBRW,1,4.998297067324429,2020-02-11,12.23520652711622,7.624048829383618,-28.479279083237085,1.2642951286355258e-09,5.919027039180849e-11,1.7480892233466562e-16,2.7647865771125444,3.1501220144206394,1.9999999999999996,Feb-Apr
NWSBRW_P38_0,NWSBRW,2,55.58654830815522,2020-02-11,38.099514924444236,36.9604836674474,73.18614045177719,4.08434525346022,6.296284079926442,2.0,4.513669593314609,3.9358242423551673,1.9999999999999916,Feb-Apr
NWSBRW_P39_0,NWSBRW,0,358.85263975087247,2020-10-01,83.98013781948883,88.05349378990472,209.61027100619782,2.8439130617142903,2.307737361712455,0.24470688229924417,9.139422313476699,3.4551635655473896,1.976580763955431,Nov-Jan
NWSBRW_P39_0,NWSBRW,1,22.78914356611883,2020-10-01,14.455454063058633,16.273929820222854,32.52422232128033,5.67221029820189e-19,1.1929961534789318e+133,1.1816742362523235e-19,4.039383379420645,3.1422534978572347,1.9999999999999991,Nov-Jan
NWSBRW_P39_0,NWSBRW,2,10.732445286672544,2020-10-01,7.904720580692405,7.866837771450119,-28.023167905204428,4.1398139625008114e-08,1.9806337121594105e+269,1.0090173870878354,2.808461139546272,3.1981270144480525,2.0,Nov-Jan
NWSBRW_P39_1,NWSBRW,0,356.67727077869847,2020-12-20,117.02235212967044,103.02588004688138,177.73732882571977,1.1900070755394427,12.543854001189603,0.7716506187502954,10.102631357838737,5.717417312882369,1.7791236988172219,Nov-Jan
NWSBRW_P39_1,NWSBRW,1,3.5494743046443338,2020-12-20,15.486777704188196,7.855026360386741,-29.00652688473718,2.5752807608869886e-22,9.756087098806227e-86,2.0,2.8063507869973066,3.218811874475974,2.0,Nov-Jan
NWSBRW_P39_1,NWSBRW,2,27.571393454674944,2020-12-20,15.055484653482345,16.648745819574543,13.744764308738265,6.416370187513073e-13,8.457637671334514e-13,1.2031107239982638e-10,4.085595625538861,3.7088750084686217,1.999999999999996,Nov-Jan
NWSBRW_P40_0,NWSBRW,0,326.6205466369146,2021-05-05,95.26829009611458,91.97067013916212,195.6545830072957,3.691917968507781,6.9296992521183025,0.8698216518841886,8.902003900130971,6.343469642313592,1.8447319207039345,May-Jul
NWSBRW_P40_0,NWSBRW,1,21.90464746119987,2021-05-05,10.022329308816536,11.613973545752705,51.409148282196476,3.4847001599067293,3.03008048152305e-06,1.8082342249271535,3.4001611321419936,2.9313816652402136,1.9934005172921534,May-Jul
NWSBRW_P40_0,NWSBRW,2,5.846331180300292,2021-05-05,12.295032062046943,11.121860242894405,21.262932069765693,0.06582449879093263,4.072229531984509,0.0652900644195479,3.340837504433953,3.5793527807594487,1.8997575579596182,May-Jul
NWSBRW_P40_1,NWSBRW,0,458.72123740689744,2021-07-24,119.22679506303409,153.72708329335114,204.43113151719592,7.927514682913214,6.154329189709032,1.9959638266122575,9.556525093677724,3.8846564435320623,1.9359641547742263,Aug-Oct
NWSBRW_P40_1,NWSBRW,1,4.794378459535968,2021-07-24,12.850124228944022,9.661934558218197,-6.4659157063107315,7.821721880181645e-14,1096834154.857224,4.558680780447683e-16,3.1124438098167646,3.0813676447365643,2.0,Aug-Oct
NWSBRW_P40_1,NWSBRW,2,0.8227462232535425,2021-07-24,14.220040771946373,7.488726134083714,-20.319939294579946,9.01129071894352e-28,5.331139717283772e+77,2.0,2.7401541664378692,2.945293912312739,1.9999999999999996,Aug-Oct
NWSBRW_P41_0,NWSBRW,0,357.3003609980344,2021-11-13,123.37569880194867,125.14921868746117,233.1507047474195,4.559665037074851,5.175297433033526,1.3309033670612518,10.271701402305347,11.00114602583316,1.292618311118421,Nov-Jan
NWSBRW_P41_0,NWSBRW,1,6.378810922840835,2021-11-13,16.60077201439377,16.963573591764902,39.44932266812365,8.454701460575684e-178,2.758076884113738e+21,2.0,4.124092069542619,3.0621068362217545,1.9999999999999991,Nov-Jan
NWSBRW_P41_0,NWSBRW,2,11.562806562501903,2021-11-13,9.119996792249246,8.95423312162044,11.937142869174972,0.8427747105858601,0.34627959918997586,0.11547678055354735,2.948472795624197,3.4075941617011365,1.9712400959894867,Nov-Jan
NWSBRW_P41_1,NWSBRW,0,340.4726945572894,2022-02-01,91.65294485153969,93.37938240080145,185.40491019848153,4.956744610365866,4.939121330091942,1.9817774870032467,8.317293261049084,4.748850490467465,1.7779224592759812,Feb-Apr
NWSBRW_P41_1,NWSBRW,1,2.0744198902291178,2022-02-01,32.992966442561816,14.515285132403049,21.240670769716463,3.849615979404454e-07,8.921023218489397e+79,2.4033838612065572e-27,3.8148824893768585,3.1919504170567596,2.0,Feb-Apr
NWSBRW_P41_1,NWSBRW,2,8.787678652602114,2022-02-01,8.69527140591735,10.749625007123841,-8.66468758298068,0.8581220775665936,1189.228788730041,0.009780737740447349,3.2373366438065236,3.562953004920772,1.9906373290001498,Feb-Apr
NWSBRW_P42_0,NWSBRW,0,465.05710765713496,2022-05-04,84.6411864752338,76.49181187818071,188.3228183218901,0.0,inf,1.2061654637055523,8.773779632508004,5.159299236091847,1.6219538667083662,May-Jul
NWSBRW_P42_0,NWSBRW,1,24.231426741707935,2022-05-04,23.658609071438935,23.888589140088055,121.22103565534961,8.188906463954597e-147,7.308988179921495e-84,0.9994720235631818,4.902672819236961,3.2392971378247224,1.785292381952269,May-Jul
NWSBRW_P42_0,NWSBRW,2,6.182877324876095,2022-05-04,28.22293720495806,23.684122224236425,42.119097032540125,7.724601686157714e-40,2.0408481975028705e-56,2.0,4.872965070381088,3.7030311154669744,1.999999999999996,May-Jul
NWSBRW_P42_1,NWSBRW,0,452.68063412538356,2022-07-23,132.57509277216457,124.79213174737795,215.8258343470615,8.695986142737807,4.235428070122918e-22,0.030424636004517405,11.114495093223521,3.822684994261482,1.9588817173928301,Aug-Oct
NWSBRW_P42_1,NWSBRW,1,40.04507249187465,2022-07-23,18.601509109168962,24.3110159350367,65.71718247130555,0.0020493846055666095,31.241182361807233,1.9104364373463811,4.9376261295777235,3.3567087195182688,1.9788294293537216,Aug-Oct
NWSBRW_P42_1,NWSBRW,2,0.6672832596272656,2022-07-23,6.135178156511953,3.7181237968441954,-77.05927246873789,1.751386706002735e-63,3.4939056558031386e-116,1.5407453953217056e-10,1.9307799030349055,2.9597449355661056,1.9999999999999996,Aug-Oct
NWSBRW_P43_0,NWSBRW,0,382.1700027241255,2022-10-30,65.93182709903971,63.378897123796015,173.20373596457642,3.738769966153628e-06,3.5143923404614183e-09,0.11344572647432533,7.977339093842404,3.336946679551854,1.8868677928320938,Nov-Jan
NWSBRW_P43_0,NWSBRW,1,4.0913791772095776,2022-10-30,36.357204853984854,13.201680027134257,5.768211959823724,0.0,5.563044868220297e-309,0.0007789663451134336,3.638155849345498,3.391765594488528,1.9999999891539226,Nov-Jan
NWSBRW_P43_0,NWSBRW,2,21.428773586277053,2022-10-30,7.146468679113824,7.88941955187442,-32.30188437271799,1.5612780121535402e-07,9.55665029202913e+53,0.2630446172949242,2.812532801279316,3.355834716039228,1.9964405074538087,Nov-Jan
NWSBRW_P43_1,NWSBRW,0,240.90924617196703,2023-01-18,84.94389115361652,82.40942582591917,175.5894704587648,4.0982193449243605,5.644065195032511,1.835119563600597,8.119891483389774,4.484310054633706,1.8274312301384468,Feb-Apr
NWSBRW_P43_1,NWSBRW,1,11.57264458592878,2023-01-18,15.666931244603417,10.439842914350285,-0.23610619709155234,1.360230671836838e-07,6.1814343762839234,2.0,3.235314200282746,3.0806020188766476,2.0,Feb-Apr
NWSBRW_P43_1,NWSBRW,2,24.41941576130541,2023-01-18,11.35029003265593,12.506625418534503,38.10188133739484,1.3194760949837676,5.919800553966601,1.4005722869444426,3.288466651103064,3.172786250054257,1.9819973619344546,Feb-Apr
NWSBRW_P44_0,NWSBRW,0,297.13096804947156,2023-05-20,81.41637821968187,79.10107978772265,175.0732955121747,3.3812737052364956,5.208071932421603,1.9915121807789957,8.250729760518455,6.4772490441881425,1.5930852636827273,May-Jul
NWSBRW_P44_0,NWSBRW,1,11.618873432486211,2023-05-20,10.718868447789445,9.439756745185898,-23.83070759998148,2.8577587791867157e-11,3.49424159410807e+29,2.7484119526084393e-15,3.0764264517301383,3.468677227360839,1.9999999999999893,May-Jul
NWSBRW_P44_0,NWSBRW,2,1.0950947542869391,2023-05-20,9.577057430762169,4.3136616941457255,-75.6057382382842,7.417833587980782e-42,1.3031680952319272e+78,4.557371645486079e-08,2.0796558410135155,3.186587255128664,1.9999999999999996,May-Jul
NWSBRW_P44_1,NWSBRW,0,343.20424138795585,2023-08-08,66.89612675508485,68.48863004924084,158.73952034700625,3.7153500539019713,5.677428479863317,1.482384630663078,7.417935602198052,8.831927529945432,1.6214801612966068,Aug-Oct
NWSBRW_P44_1,NWSBRW,1,5.982562799116211,2023-08-08,19.27086625960878,16.748395293937424,39.96697678307373,1.7006512332164216e-07,2.4385045225538646e+37,1.5161620463007724e-22,4.097855497132534,3.0292514462816147,2.0,Aug-Oct
NWSBRW_P44_1,NWSBRW,2,19.291490665777015,2023-08-08,5.766685465287695,6.302428562619079,-25.173602888121952,0.031018078463410714,21.316574301647936,0.0036367839326174522,2.5143934366533016,3.168830819095878,1.9555021681855969,Aug-Oct
NWSBRW_P45_0,NWSBRW,0,121.96756646103225,2023-12-07,29.32382306179227,29.215560820599503,108.22628750393935,1.5246472477518878e-06,2.664478255064022e-16,0.20425455511379684,5.423617645025029,6.009354755669467,1.5443200557654566,Nov-Jan
NWSBRW_P45_0,NWSBRW,1,18.666765162479567,2023-12-07,14.119355034734602,12.891444766963698,15.201446599846701,0.00017612167283666302,0.0002906452913600225,0.6393579377691225,3.595803128788584,3.5060721455028996,1.964028918758408,Nov-Jan
NWSBRW_P45_0,NWSBRW,2,1.8537016921128506,2023-12-07,5.245348256996806,2.2795728200797174,-131.31921760041007,6.499560340254295e-17,4.4160399426335157e+27,1.977063890127726e-29,1.5117993289947427,3.3017266820183115,1.9999999999999991,Nov-Jan
NWSBRW_P45_1,NWSBRW,0,279.0373039388914,2024-02-25,87.54698638470944,95.89800860409088,153.7304837858955,6.195034629942291e-17,1.0540897166786146e+49,1.7621139327804354e-06,9.805492140221697,3.711869119954947,1.9999999999999942,Feb-Apr
NWSBRW_P45_1,NWSBRW,1,8.406949255168364,2024-02-25,29.338223021835834,13.653051286390431,18.211242619538908,5.048167782832276e-07,inf,2.149985814622035e-29,3.699846071808762,3.148326631242828,2.0,Feb-Apr
NWSBRW_P45_1,NWSBRW,2,14.707781612120968,2024-02-25,12.992343378998687,13.682090603252039,8.170436372537175,2.3946401757453493,7.700561838203403,1.9999999999999862,2.8254197868645243,3.211908535895492,2.0,Feb-Apr
NWSLYN_P46_1,NWSLYN,0,18.42527256959128,2019-10-16,14.898062519628681,12.013160056341956,17.31046519553025,0.0,1.1063406997045662e+163,0.4071150658688538,3.4727891361407757,4.380844327011701,1.8404942757509248,Nov-Jan
NWSLYN_P46_1,NWSLYN,1,0.3791215537159102,2019-10-16,5.57264532672019,3.748998867735972,-41.96900567906552,1.938746036576571,2.4369166545124683,1.9999999999999996,3.144664574010539e-35,2.2868035502594966e-05,6.018953489232637e-12,Nov-Jan
NWSLYN_P46_1,NWSLYN,2,0.160666318591059,2019-10-16,1.3787969218878369,1.0525359756570234,-165.0409129341584,0.0,2.081042321408058e-271,2.0,1.0272891087016052,2.722491340995781,1.9999999999999996,Nov-Jan
NWSLYN_P47_0,NWSLYN,0,15.809285257500369,2020-02-08,10.09400267782423,5.322378796235916,-74.85832810084642,0.9924861475378446,5.70481734300638,2.0,2.0859343527310688,3.695831746728972,1.9999999999999956,Feb-Apr
NWSLYN_P47_0,NWSLYN,1,7.232527586759501,2020-02-08,7.808405275339164,8.184721682345463,-21.496556591518136,1.183579050337248,3.1713224367871886e-33,0.02321074671071054,2.8619566838919073,3.440597802746529,1.9938093433096256,Feb-Apr
NWSLYN_P47_0,NWSLYN,2,1.9556132107204016,2020-02-08,1.6140867691938448,0.8825412761473075,-196.4402503938746,2.966723504540754e-10,3845548.8648977526,8.407460391209632e-05,0.9406700779571533,3.0493776559471426,1.9999999999999996,Feb-Apr
NWSLYN_P49_1,NWSLYN,0,41.352977821739806,2022-01-29,13.219324138935683,12.072068046774174,29.132653600270753,2.7425696851914503,1.048731703496022e-26,0.019625203223741835,3.4242355892534913,3.971881481170546,1.9517625571227863,Feb-Apr
NWSLYN_P49_1,NWSLYN,1,4.319434459781809,2022-01-29,7.603255334278492,5.424426430003186,-64.77621040522979,0.0,inf,1.3888134041532539e-19,2.332081563572295,3.3753078820509046,1.9999999999999991,Feb-Apr
NWSLYN_P49_1,NWSLYN,2,0.6931004344105083,2022-01-29,1.3533954522045841,0.9659121518511846,-194.43456707331424,5.6011571263085576e-33,6.234588302225165e-43,1.9999999999999774,0.9840959432510341,3.1657628057681824,2.0,Feb-Apr
NWSLYN_P50_0,NWSLYN,0,59.70757483013813,2022-05-01,15.663429711386016,14.219263109797469,28.9690232865118,0.0,inf,0.10278945773708047,3.777513577097424,3.970247456385497,1.8955079193933098,May-Jul
NWSLYN_P50_0,NWSLYN,1,0.9102514132087304,2022-05-01,3.307324422633532,1.7838646679968861,-134.0371808180803,0.6289595945617079,3.8457657819824416,2.0,1.1802249611756004,2.9745128261632563,1.9999999999999987,May-Jul
NWSLYN_P50_0,NWSLYN,2,0.1475474696272419,2022-05-01,1.4103805247484642,1.24112850057823,-163.0111751778849,2.361976091025607e-18,7.327337396564229e-48,1.9999924138093585,1.1155259251556364,2.9236820807441695,1.9999999999999996,May-Jul
NWSLYN_P50_1,NWSLYN,0,53.55741469356328,2022-07-20,14.591608096517064,13.611321797809905,55.028903151362414,1.8144258458448796e-07,1870.789675309872,0.06070692855069314,3.6989453911681487,3.8453640716167587,1.7830673387794413,Aug-Oct
NWSLYN_P50_1,NWSLYN,1,0.34722137297837197,2022-07-20,8.48240006987654,3.7147040057654817,-83.51711340199967,8.584741177477747e-28,5.970658746936328e+272,1.9919223242416233e-14,1.929885076183031,3.0941241753875275,1.9999999999999996,Aug-Oct
NWSLYN_P50_1,NWSLYN,2,0.4577662235422794,2022-07-20,1.2469561840678867,1.0827380554430868,-166.33177087940018,8.636205760730528e-11,3103.6267268487286,2.0,1.0419213653502477,2.7832256209230515,1.9999999999999996,Aug-Oct
NWSLYN_P51_0,NWSLYN,0,27.24264018295715,2022-11-01,26.272199223849608,24.287457182265936,45.505608916189146,8.618073002159214e-278,3.284106773390132e+131,1.7478895846877074,4.935850298732157,4.798933888775159,1.914351074761581,Nov-Jan
NWSLYN_P51_0,NWSLYN,1,0.370283904062369,2022-11-01,2.217275182510057,1.6470689459745023,-136.03058339881804,0.6719918175020052,4.372816497619253,2.0,1.0953518886338822,2.80371911531101,1.9999999999999996,Nov-Jan
NWSLYN_P51_0,NWSLYN,2,0.5647532219254217,2022-11-01,1.2569672983858735,0.954582424928676,-185.11975989317466,5.149826162346323e-31,7.853449825626497e+49,1.5825928694043176,0.9783128056862288,2.9454807199160467,1.9999999999999996,Nov-Jan
NWSLYN_P51_1,NWSLYN,0,23.304948610042597,2023-01-20,14.019811759548974,31.81662272621075,50.07344323671529,2.465036776198519,5.188734296889378,1.9999999999996065,5.0868956457497765,463190968815.9439,1.0557354857716126,Feb-Apr
NWSLYN_P51_1,NWSLYN,1,0.44721526391354677,2023-01-20,4.800914110873727,2.756608766177093,-96.55714962637722,5.1406812104262204e-14,2.673689349383327e+142,1.924671585710649e-09,1.6624918089604648,2.87362277576703,1.9999999999999991,Feb-Apr
NWSLYN_P51_1,NWSLYN,2,0.2065756903067644,2023-01-20,4.816778135368478,1.9353125666949653,-142.87396965189524,2.4190390343943527e-56,9.556737882756471e-51,4.578820547306725e-17,1.392974932785074,3.2628372995025225,1.9999999999999996,Feb-Apr
NWSROW_P54_0,NWSROW,0,57.890653198934224,2019-08-04,47.91637737586708,27.832946555726828,58.08626457018394,7.182386779559003e-169,1650552003019.5151,0.005281601534060325,5.282564704070848,3.605210142151284,1.9999999999999982,Aug-Oct
NWSROW_P54_0,NWSROW,1,3.204867898741127,2019-08-04,6.962878636276818,3.6913307932701005,-88.67731373071211,4.621940468475543e-25,3.5844774351477773e-34,1.9097639570786313,1.923799369456142,3.2009997097884124,1.9999999999999996,Aug-Oct
NWSROW_P54_0,NWSROW,2,0.4755021355188751,2019-08-04,5.051619039151875,2.3179845022230503,-123.79360330472247,2.7485062855288965e-168,2.142074450778827e-144,0.003961776261773687,1.524488059279755,3.151631224107007,2.0,Aug-Oct
NWSROW_P54_1,NWSROW,0,43.81103303007912,2019-10-23,18.287594021252744,49.16311182236186,79.43155672561797,2.4862249047414817,6.213374746776057,1.999999999999972,6.572619932305923,99419051717.75691,1.6508646084327012,Nov-Jan
NWSROW_P54_1,NWSROW,1,3.3576299650013275,2019-10-23,8.833513239354216,9.25470777329215,-16.94865414881311,0.0014493261341375415,1.642976185984e-05,0.09837450354072828,3.0462622005421536,3.3464375123919394,1.9918174548270635,Nov-Jan
NWSROW_P54_1,NWSROW,2,3.0677607515361287,2019-10-23,1.6331384333407384,1.6726127376528852,-119.91367429138907,1.0955810710021583,3.1645352424257818e-18,1.9999999999999933,1.2917610623356768,3.0987582631925066,1.9999999999999072,Nov-Jan
NWSROW_P55_0,NWSROW,0,50.370666448207274,2020-02-16,44.23066579039255,43.008936039074136,93.26950424923622,0.0,2.4685200205707046e-37,0.4838878555126449,6.568428746761387,4.786394537738691,1.9075781886728411,Feb-Apr
NWSROW_P55_0,NWSROW,1,9.536924762481267,2020-02-16,5.8435064463547794,3.9314771591897166,-83.78945533032297,7.1979605480982936e-09,1.549222735179565e-15,4.144994668113062e-06,1.9853914155631005,3.2046853351687634,2.0,Feb-Apr
NWSROW_P55_0,NWSROW,2,2.1492510106202065,2020-02-16,1.9805285496608827,2.0885841725418914,-113.92401295693054,0.5580778189911924,4.878997758805842,2.0,1.3356763654293522,3.3196810092718465,1.9319779661555918,Feb-Apr
NWSROW_P56_0,NWSROW,0,97.29422730788278,2020-10-11,63.883616193065166,52.11612747482055,116.24104890061899,1.9851846130734965,3.153064585399595,1.569148619334387,6.953990244012561,6.068305954684764,1.9500014768153093,Nov-Jan
NWSROW_P56_0,NWSROW,1,1.4804910199208354,2020-10-11,5.242909459074489,3.811694995303399,-74.10036202441187,1.665964277960952e-13,6.206858351999541e-08,3.320250359636936e-12,1.9549252433463047,2.940434459501397,1.9999999999999991,Nov-Jan
NWSROW_P56_0,NWSROW,2,1.269811679350211,2020-10-11,1.6924352638378362,1.4504917641295751,-161.5931621066647,6.2785806333440695e-84,1.6013705753912452e-86,1.9999899654377153,1.2059417489898836,3.1584633087389564,1.9999999999999996,Nov-Jan
NWSROW_P56_1,NWSROW,0,133.39061298717698,2020-12-30,35.054172968526316,36.54116948744087,142.65898596121548,3.153335944210273,4.683311856282995,1.9999999999999223,5.181001390726417,4.526464658366362,1.5822294570498276,Nov-Jan
NWSROW_P56_1,NWSROW,1,2.287301253621048,2020-12-30,6.577247709242713,6.904676682767262,-40.24935750887665,1.2373006286131855e-07,2.5681197540570734e+26,4.344150069337035e-06,2.631113629879412,3.2413476468452553,2.0,Nov-Jan
NWSROW_P56_1,NWSROW,2,1.055567050254597,2020-12-30,1.425325229320505,1.2528981420099252,-134.46590384421833,1.1207788270770718,2.5015123741673637,1.9999999999999991,8.587286307185651e-09,27.979100870508972,1.9996090536604445,Nov-Jan
NWSROW_P57_0,NWSROW,0,102.44699491828261,2021-05-09,41.56838918101385,48.77891429219898,135.62643219764632,2.2822692489675522,4.121762323339539,1.81203573959939,6.615579222261675,4.677313733203133,1.8191828477045016,May-Jul
NWSROW_P57_0,NWSROW,1,9.512571407675532,2021-05-09,7.105513667894404,5.3403748613671915,-49.28199130510814,9.660898835877944e-62,1.815368000718947e+68,2.366742158268824e-06,2.313963110918975,2.9837846554191314,1.9999999999999987,May-Jul
NWSROW_P57_0,NWSROW,2,18.153570949218842,2021-05-09,15.829647866089632,16.38061887851004,33.32584875740293,1.3657879009664646e-190,2.810598985426019e+43,0.46263939538116006,4.053515279495518,3.674763316401817,1.9503384921983669,May-Jul
NWSROW_P57_1,NWSROW,0,135.95564936145234,2021-07-28,60.60663199393316,41.79898766873084,93.50245672827421,2.2344075671155768,8.206538888393332,2.0,6.075769297972627,3.503649584711665,1.999999999999997,Aug-Oct
NWSROW_P57_1,NWSROW,1,6.94867972675416,2021-07-28,17.69052948335593,14.237410532512968,10.501653454583483,1.5096459169342266e-121,3.9231520754490505e+256,6.386127719778219e-07,3.7781738168425716,3.4276832441394096,1.9999999999999991,Aug-Oct
NWSROW_P57_1,NWSROW,2,11.394639054559539,2021-07-28,9.928556941398723,5.534606258686548,-60.25272990540391,9.972289853103858e-55,6.20936618420153e+28,1.3362589826269259e-30,2.355650196797187,3.299075365543822,2.0,Aug-Oct
NWSROW_P58_0,NWSROW,0,88.57169955305974,2021-11-16,35.05466057634593,30.084453335720152,120.3363693041533,0.7253442729170267,0.08032305396219841,0.6954073909861771,5.488420536084755,4.290851736172396,1.7629294021562016,Nov-Jan
NWSROW_P58_0,NWSROW,1,1.0104486048935866,2021-11-16,9.200999483796158,4.788280770250684,-65.57942835675242,1.176654028779417e-09,2.6349196105581026e+137,5.169358289692164e-21,2.191081876936663,3.1475763908937235,1.9999999999999978,Nov-Jan
NWSROW_P58_0,NWSROW,2,2.126463715084694,2021-11-16,1.3994567676588925,1.7534527210235553,-122.84379448880298,3.323245677949042e-05,350.31168864121435,0.4741899307792347,1.3264327821982653,3.187635746408937,1.9396487843783483,Nov-Jan
NWSROW_P58_1,NWSROW,0,122.11413710363935,2022-02-04,59.10691000054636,58.79408750670578,126.47158521078704,5.669340408999537,5.776636260849811,1.8344261623583655,5.179907200549326,4.871378477500401,1.9697321912075465,Feb-Apr
NWSROW_P58_1,NWSROW,1,0.4266874139449566,2022-02-04,8.708765546437187,4.678012812322035,-68.99822466756649,1.8301498985422467e-11,1385580.01481484,1.6002157692510395e-10,2.1657043029956893,3.1837432462346,1.9999999999999996,Feb-Apr
NWSROW_P58_1,NWSROW,2,1.0453112830581817,2022-02-04,2.3649245256185285,1.1230132874686882,-179.66846732892628,0.7134936653808783,4.363566779585824,1.999999999999924,0.7853907280830561,3.0956043704162184,2.0,Feb-Apr
NWSROW_P59_0,NWSROW,0,37.69258057947986,2022-05-08,30.705112081851837,18.24545670170373,22.895221139789207,9.23778341524915e-35,1.2216597739509463e+36,3.307817635802277e-12,4.277030351392892,3.6495400725341978,1.9999999999999996,May-Jul
NWSROW_P59_0,NWSROW,1,2.108174326809549,2022-05-08,19.004370182761107,9.970856471161346,-17.83300587490816,1.0495028403927773,4.854801649473729,1.999999999999988,2.982503771682425,3.4808795197526656,2.0,May-Jul
NWSROW_P59_0,NWSROW,2,4.243130379007687,2022-05-08,11.120891976374025,8.338412701238223,-31.335443539828276,1.2314861956093302e-12,1.3829879505531585e+148,8.984452630783355e-18,2.891400953951988,3.4011774923531495,1.9999999999999996,May-Jul
NWSROW_P59_1,NWSROW,0,139.72653648212184,2022-07-27,38.376484818692354,39.35202497754652,150.09242626019017,3.6539498487787304e-07,8.899146778970715e+32,0.5519118292555238,6.291031589303856,3.5783749815952333,1.7766716967059897,Aug-Oct
NWSROW_P59_1,NWSROW,1,3.2394629492618447,2022-07-27,5.296059579147734,5.24152944823179,-47.94756710033033,1.1292897711341898e-55,9.985343328584785e-45,7.70837562625725e-11,2.292452064413352,2.9272716916487975,2.0,Aug-Oct
NWSROW_P59_1,NWSROW,2,11.397583255959507,2022-07-27,7.8735457864461855,8.38502107727146,-6.166570221860814,1.0817681695458985,2849.657321160192,0.013871874872539637,2.813369271963976,3.2567075832066106,1.9715747201350922,Aug-Oct
NWSROW_P60_0,NWSROW,0,117.01057631686727,2022-10-26,48.250923100150764,60.71934496626888,129.72370380384757,4.738982909345374e-07,2.7511733528078797e+97,0.5141488003275664,7.803242032225062,3.6351302696836796,1.976673866381892,Nov-Jan
NWSROW_P60_0,NWSROW,1,1.4214429721893846,2022-10-26,6.985206156423861,3.731524197583248,-78.15463304394143,1.3054736547745946e-07,783025977.4858953,3.589010695549475e-27,1.9342546259893363,2.987755052210636,2.0,Nov-Jan
NWSROW_P60_0,NWSROW,2,0.47711687790403595,2022-10-26,2.4109793178954853,1.67426817004166,-138.71716796681866,7.561641041349748e-42,5.1344431321887394e-74,3.4596502874594283e-16,1.2956386338123747,2.916957806662837,1.9999999999999996,Nov-Jan
NWSROW_P60_1,NWSROW,0,128.83249275440332,2023-01-14,26.384012001457574,40.39507212157038,67.67494153852655,1.99327962158849,4.9200646840858475,1.9311276975686609,6.054311544217492,5.625675636601806e+56,0.049717141485849124,Feb-Apr
NWSROW_P60_1,NWSROW,1,1.9484095981083276,2023-01-14,4.247473938922112,2.1086596648196765,-125.16609862817998,2.9500911930732467e-08,0.036530393195711906,1.9991525192609811,1.4540302329547588,3.0156715190661854,2.0,Feb-Apr
NWSROW_P60_1,NWSROW,2,0.3003359779510041,2023-01-14,2.7209045390676816,2.2553003838590873,-118.59622715505041,1.1543562355449508e-23,0.027040558905509497,1.2889525997393377e-11,1.5037397218540587,2.9910105842836665,2.0,Feb-Apr
NWSROW_P61_0,NWSROW,0,139.25410849724645,2023-05-16,33.346882039229506,34.39296277492899,172.26268805964295,2.6217312908791315,7.352507786195743,1.6807252028165258,5.288845609410469,3.7980134024146137,1.4516545843274502,May-Jul
NWSROW_P61_0,NWSROW,1,1.0930547914082906,2023-05-16,6.2163131426917015,4.2114295673860225,-68.45077124527698,4.974192762719177e-77,6.168622915687848e+16,5.061851195575289e-19,2.054874439612842,2.9872430160986303,2.0,May-Jul
NWSROW_P61_0,NWSROW,2,7.4480599222800725,2023-05-16,6.444052584163947,6.781089842640507,-51.75981237280554,3.2359280168560807e-17,885443488878844.6,0.021928528985420997,2.6077486709058606,3.917249700578098,1.9696760210591113,May-Jul
NWSROW_P61_1,NWSROW,0,65.62624721184935,2023-08-04,30.898965821720434,29.127094000070525,72.2879335721436,6.0568925402456e-28,5.082446827713944e+38,3.6762799951224356e-07,5.404007560019483,3.307031334512841,1.9999999999999964,Aug-Oct
NWSROW_P61_1,NWSROW,1,10.834075209010637,2023-08-04,13.12021310855418,6.222306222839813,-48.36742061110989,2.872157417278457e-24,13.628369871610252,3.4008217836098607e-12,2.497719508190931,3.236291700395108,1.9999999999999996,Aug-Oct
NWSROW_P61_1,NWSROW,2,0.17172039222385727,2023-08-04,11.628435372154689,8.496445125888,-25.452471409302724,8.426478297966584e-08,5.860188699305709e+119,5.598330210435785e-94,2.9186779174146196,3.286127340722149,2.0,Aug-Oct
PIL200_P62_0,PIL200,0,50.37701071686566,2012-02-20,31.50097478957701,31.32732133317029,87.33359325130235,0.27341557111242726,0.18860975123305526,0.8521496827225936,5.601966212909979,3.2275537391364653,1.9999968255424485,Feb-Apr
PIL200_P62_0,PIL200,1,0.7599081485840946,2012-02-20,15.638208450764647,7.527288059880793,-22.95855317162127,1.4828989485388517,4.174779271596577,1.9999999999999978,2.3125455340769236,3.036249773513445,2.0,Feb-Apr
PIL200_P62_0,PIL200,2,1.2546192455190415,2012-02-20,4.502240294358984,2.3392340347295693,-117.67799224957332,9.913421889734826e-50,5.843974999482973e+36,3.323605088449397e-24,1.5314641552705899,3.032771742712672,2.0,Feb-Apr
PIL200_P62_1,PIL200,0,80.76943228308862,2012-05-10,39.199993401439485,42.38092145307388,111.54923025441204,0.39702045694798355,0.08942080970210939,2.0,6.516129526172202,3.222645511041958,1.9999999999999996,May-Jul
PIL200_P62_1,PIL200,1,5.464775067190336,2012-05-10,22.276401276821716,14.57232523352053,29.203991458462003,1.2998449167952575e-164,1.3304332728996392e-235,0.07298917895453319,3.822386106576231,3.021441304959153,1.9999999999999996,May-Jul
PIL200_P62_1,PIL200,2,1.0627884997164003,2012-05-10,7.89093914283513,6.940733153687769,-22.42941543221192,8.411636621484227e-08,7.604107389506353e+117,2.0,2.637999362969967,2.868838591980718,2.0,May-Jul
PIL200_P63_0,PIL200,0,31.61347439288359,2012-08-18,53.35739030983041,34.616754336471004,127.54943565549863,5.8912078408722115,2.5507945897928828,2.0,1.512708799958179e-11,1.7436105508038172e+35,1.547764145045694,Aug-Oct
PIL200_P63_0,PIL200,1,0.35041370160592905,2012-08-18,10.971447160285743,10.629084236991197,10.316445090081984,3.5263932427368523e-53,2.8397689808769044e+18,8.506116146329088e-11,3.2645219769191605,2.8943259544532576,2.0,Aug-Oct
PIL200_P63_0,PIL200,2,0.2926452236382614,2012-08-18,5.769515277667673,3.693816108532029,-80.94279447087938,4.36051884023852e-10,1.978780344247512e+84,4.063491556822879e-15,1.924454639901634,3.028795467651543,1.9999999999999996,Aug-Oct
PIL200_P63_1,PIL200,0,48.2077716030697,2012-11-06,69.22965313729432,64.53848558102713,151.45368988736632,1.7954584682474632,6.340197163633463e-05,0.24262787724974894,8.04351324276216,3.44756800113427,1.959502097599287,Nov-Jan
PIL200_P63_1,PIL200,1,2.3613143965140027,2012-11-06,15.195309897974392,9.018778333474113,-0.46354923607866105,2.7799241712744914e-18,6.561126849769057e-22,1.967404059344143,3.0070879312190706,2.850008602084487,1.9999999999999991,Nov-Jan
PIL200_P63_1,PIL200,2,2.508591889785275,2012-11-06,8.492533786878019,8.936296321384365,-12.686693079586838,0.0,inf,1.9984324882565039,2.9933597680386117,3.1294672940091806,1.9957859453065363,Nov-Jan
PIL200_P64_0,PIL200,0,67.2846043956371,2013-02-05,42.88097430492336,38.88848905631695,125.91171864809472,1.5351173452273932,0.0043858681859807215,0.44257484545732323,6.23948770700556,3.5106386658292656,1.9287728508935553,Feb-Apr
PIL200_P64_0,PIL200,1,1.6272007804945232,2013-02-05,25.756786495379146,19.70110095961376,49.512351271172115,2.7589023167875257e-08,0.22504477466199127,2.0,4.444413807695982,3.1038993770556758,2.0,Feb-Apr
PIL200_P64_0,PIL200,2,4.3109518171055585,2013-02-05,8.405407160137614,7.618414930973823,-22.624572181317113,2.2888447453969734e-12,inf,2.082269236279867e-10,2.76377351399496,3.0202691063625218,1.9999999999999987,Feb-Apr
PIL200_P64_1,PIL200,0,60.75141768671508,2013-04-26,128.76903015034875,254.40667674067612,206.8229809441553,4.292151942775247,6.861532196516292,1.9999999999999867,15.399328848355832,inf,3.435952058986056e-22,May-Jul
PIL200_P64_1,PIL200,1,5.883921012916133,2013-04-26,19.64832858044562,15.671541270685642,46.70796520991312,0.0,inf,0.8501175340195792,3.9639566793332137,2.7963972362954617,1.9999999999999996,May-Jul
PIL200_P64_1,PIL200,2,3.840343618408768,2013-04-26,8.502034723129952,6.212807592315488,-26.970827858008512,4.483550216244996e-33,2.362799010335259e+21,3.846423477128159e-22,2.49584198556972,2.7903994445407436,1.9999999999999996,May-Jul
PIL200_P65_0,PIL200,0,39.22527988620915,2013-08-03,81.83662710984754,100.92188183273309,146.25478825808005,3.875744139125021,4.05230989650576,1.999999999999953,9.29205281798148,inf,0.5260458687736084,Aug-Oct
PIL200_P65_0,PIL200,1,5.658121432209153,2013-08-03,23.301369314167193,19.805709267879294,85.76511450033955,4.2992625119957575,2.498374971028856,1.9999999999999991,1.1731459947164136,inf,0.027923214465101695,Aug-Oct
PIL200_P65_0,PIL200,2,1.7977164284315421,2013-08-03,4.785195739548184,3.3089330024891983,-88.54854970899069,1.9354795334722967e-70,5.427195594184018e-34,1.5077771973475081e-06,1.8214376692512195,3.0037824110264415,2.0,Aug-Oct
PIL200_P65_1,PIL200,0,59.735460393297714,2013-10-22,60.67506008700862,41.409010139366096,97.28316640749402,4.892367821312789e-07,6.73749162228801e+54,7.126589479952864e-05,6.443385795806813,3.3900688011188125,2.0,Nov-Jan
PIL200_P65_1,PIL200,1,2.5697207023503754,2013-10-22,16.337378132649498,8.51805062870145,-11.021185163151575,1.9472311780109675e-07,2.153435785501386e-10,1.2387035921154534e-32,2.922408266132117,2.9653557139075413,2.0,Nov-Jan
PIL200_P65_1,PIL200,2,1.3523233162872814,2013-10-22,4.099382212610027,3.659932557382304,-77.7469594344594,5.764218201819591e-21,3.0331477489980965e-66,8.595893800625825e-10,1.9156119075464937,2.948285062677777,2.0,Nov-Jan
PIL200_P66_0,PIL200,0,37.86354890287435,2014-02-11,19.00274048515332,31.5026618364434,52.66361873263966,3.041529662151502,4.9971093604492545,2.0,4.730717339251638,inf,0.014743691416692788,Feb-Apr
PIL200_P66_0,PIL200,1,3.1689942887228906,2014-02-11,8.868908184196439,5.887636743232092,-38.91520133797672,2.980922672573232e-25,2.55159893808012e-54,7.182891625312343e-15,2.429638640720705,2.9325031740708947,1.9999999999999991,Feb-Apr
PIL200_P66_0,PIL200,2,0.9864520602812855,2014-02-11,3.708552667104366,2.9034210374845144,-101.38342954150805,0.6524480654674878,4.393841386828042,2.0,1.576488349523522,3.075602746423891,1.9999999996185371,Feb-Apr
PIL200_P66_1,PIL200,0,66.08175278132119,2014-05-02,41.848197951239335,40.06968177553547,128.90296953618068,3.3634009875937424e-07,5.280012160586657,1.1524681235923064,6.3426399591301115,3.5801931221597227,1.8801210761657028,May-Jul
PIL200_P66_1,PIL200,1,4.252687591385652,2014-05-02,17.77631533224925,10.1568473970143,-6.024704265105545,2.0721781933319297e-39,1.2465588276448007e-19,2.3011700506110306e-14,3.1911567051465157,3.161502414758871,2.0,May-Jul
PIL200_P66_1,PIL200,2,9.048877313620428,2014-05-02,13.52561633785188,13.89667893330853,41.22433563219438,0.0,inf,1.9999999999999996,3.7339723147987365,3.1583071694825438,1.948029332824623,May-Jul
